iter,time,mean_eta_p_x1a3,std_eta_p_x1a3,p50_eta_p_x1a3,p90_eta_p_x1a3,mean_eta_q_x1a3,std_eta_q_x1a3,p50_eta_q_x1a3,p90_eta_q_x1a3,mean_eta_p_a3a2,std_eta_p_a3a2,p50_eta_p_a3a2,p90_eta_p_a3a2,mean_eta_q_a3a2,std_eta_q_a3a2,p50_eta_q_a3a2,p90_eta_q_a3a2,mean_eta_p_a2a1,std_eta_p_a2a1,p50_eta_p_a2a1,p90_eta_p_a2a1,mean_eta_q_a2a1,std_eta_q_a2a1,p50_eta_q_a2a1,p90_eta_q_a2a1,mean_theta_mv,std_theta_mv,weight_change_norm_x1a3,weight_change_avg_x1a3,weight_change_max_x1a3,weight_change_norm_a3a2,weight_change_avg_a3a2,weight_change_max_a3a2,weight_change_norm_a2a1,weight_change_avg_a2a1,weight_change_max_a2a1,accuracy
30,1764301640.2737432,0.00012807549951223334,2.4713091640942033e-05,0.00014876042949130724,0.00015000000000000001,0.012629204476459656,0.002408471866163654,0.013980631929800216,0.015,0.00012311755760340681,2.24443893120565e-05,0.00013476255678714658,0.0001482817294436274,0.014999503204037085,8.160512229281562e-06,0.015,0.015,0.0001499995714186737,2.6509045376570398e-08,0.00015000000000000001,0.00015000000000000001,0.010300840586912335,0.0013526886197128558,0.009780517496301022,0.013041130732977017,19.92115985168377,0.12319591418984575,92.19415920759931,0.06492988072453677,0.9999128485142565,3.6692270857204097,0.005308154751665691,0.08322628923218656,103.41233141407398,0.046061502540045804,0.143577975601685,
